{
    "last": "Period1",
    "settings": {
        "Sensor": {
            "omegaType": "theta",
            "k": 10.0,
            "omega": 6.2,
            "x": 12,
            "L0": 2,
            "alpha": -0.01,
            "r0": 62.5,
            "rw": 26.0,
            "lw": 15.0,
            "xv": 0.05999511852860451,
            "xa": 0.0012499999720603228,
            "xd": 1.0,
            "Lv": 3.0,
            "La": 300.0,
            "tW": 5.0,
            "dr": 0.1,
            "x0": 0.0
        },
        "`SensorLong": {
            "omegaType": "theta",
            "k": 7,
            "omega": 6.2,
            "x": 12,
            "L0": 2,
            "alpha": -0.01,
            "r0": 62.5,
            "rw": 25,
            "lw": 25.0,
            "xv": 0.03,
            "xa": 1.0,
            "xd": 1.0,
            "Lv": 3.0,
            "La": 300,
            "tW": 40.0,
            "dr": 0.1,
            "x0": 12.0
        },
        "SensorShort": {
            "omegaType": "theta",
            "k": 7.0,
            "omega": 6.2,
            "x": 12,
            "L0": 2,
            "alpha": -0.01,
            "r0": 62.5,
            "rw": 26.0,
            "lw": 14.0,
            "xv": 0.05999511852860451,
            "xa": 0.028750000521540642,
            "xd": 1.0,
            "Lv": 3.0,
            "La": 300.0,
            "tW": 3.0,
            "dr": 0.1,
            "x0": 0.0
        },
        "Nano405": {
            "omegaType": "nano",
            "k": 0.01,
            "omega": 6.2,
            "x": 40.0,
            "L0": 4.0,
            "alpha": -0.01,
            "r0": 62.5,
            "rw": 0.25,
            "lw": 2.28,
            "xv": 1.4,
            "xa": 0.005,
            "xd": 1.5,
            "Lv": 3.0,
            "La": 30.0,
            "tW": 15.0,
            "dr": 0.01,
            "x0": 0
        },
        "EFD": {
            "omegaType": "nano",
            "k": 7,
            "omega": 6.2,
            "x": 1.0,
            "L0": 0.0,
            "alpha": -0.0,
            "r0": 62.5,
            "rw": 26.0,
            "lw": 14.0,
            "xv": 0.05000000074505806,
            "xa": 1.0,
            "xd": 1.0,
            "Lv": 3.0,
            "La": 300.0,
            "tW": 0.0,
            "dr": 0.1,
            "x0": 34.0
        },
        "NanoOld": {
            "omegaType": "nano",
            "k": 0.01,
            "omega": 6.2,
            "x": 23.0,
            "L0": 2.0,
            "alpha": -0.01,
            "r0": 62.5,
            "rw": 0.25,
            "lw": 2.28,
            "xv": 2.4000000953674316,
            "xa": 0.008750000037252903,
            "xd": 1.5,
            "Lv": 3.0,
            "La": 100.0,
            "tW": 3.0,
            "dr": 0.01,
            "x0": 0
        },
        "NanoLim": {
            "omegaType": "nano",
            "k": 0.01,
            "omega": 6.2,
            "x": 25.0,
            "L0": 1.6,
            "alpha": 0.01,
            "r0": 62.5,
            "rw": 0.25,
            "lw": 2.28,
            "xv": 0.25,
            "xa": 0.008750000037252903,
            "xd": 2.0,
            "Lv": 3.0,
            "La": 30.0,
            "tW": 7.0,
            "dr": 0.01,
            "x0": 0
        },
        "405Lomg": {
            "omegaType": "theta405",
            "k": 5.0,
            "omega": 6.2,
            "x": 12,
            "L0": 2,
            "alpha": -0.01,
            "r0": 62.5,
            "rw": 10.0,
            "lw": 5.0,
            "xv": 0.03999511897563934,
            "xa": 0.028750000521540642,
            "xd": 1.0,
            "Lv": 3.0,
            "La": 300.0,
            "tW": 3.0,
            "dr": 0.1,
            "x0": 0.0
        },
        "405Nano": {
            "omegaType": "nano",
            "k": 7.0,
            "omega": 6.2,
            "x": 7.0,
            "L0": 2,
            "alpha": -0.01,
            "r0": 10.0,
            "rw": 10.0,
            "lw": 10.0,
            "xv": 0.25,
            "xa": 0.028750000521540642,
            "xd": 1.0,
            "Lv": 3.0,
            "La": 300.0,
            "tW": 2.0,
            "dr": 0.1,
            "x0": 28.24
        },
        "preNano": {
            "omegaType": "theta",
            "k": 3.0,
            "omega": 6.2,
            "x": 12,
            "L0": 2,
            "alpha": -0.01,
            "r0": 62.5,
            "rw": 20.0,
            "lw": 5.0,
            "xv": 0.05999511852860451,
            "xa": 0.0012499999720603228,
            "xd": 1.0,
            "Lv": 3.0,
            "La": 300.0,
            "tW": 7.0,
            "dr": 0.1,
            "x0": 0.0
        },
        "Nano2stage": {
            "omegaType": "nano",
            "k": 7.0,
            "omega": 6.2,
            "x": 22.0,
            "L0": 2.0,
            "alpha": 0.01,
            "r0": 20.0,
            "rw": 10.0,
            "lw": 10.0,
            "xv": 0.25,
            "xa": 0.008750000037252903,
            "xd": 1.0,
            "Lv": 3.0,
            "La": 30.0,
            "tW": 2.0,
            "dr": 0.1,
            "x0": 11.26
        },
        "Sensor3u": {
            "omegaType": "theta",
            "k": 4.0,
            "omega": 6.2,
            "x": 12,
            "L0": 2,
            "alpha": -0.01,
            "r0": 62.5,
            "rw": 1.0,
            "lw": 5.0,
            "xv": 0.05999511852860451,
            "xa": 0.028750000521540642,
            "xd": 1.0,
            "Lv": 3.0,
            "La": 300.0,
            "tW": 5.0,
            "dr": 0.1,
            "x0": 10.0
        },
        "Sensor3uLong": {
            "omegaType": "theta",
            "k": 1.0,
            "omega": 6.2,
            "x": 12,
            "L0": 2,
            "alpha": -0.01,
            "r0": 62.5,
            "rw": 1.0,
            "lw": 15.0,
            "xv": 0.05999511852860451,
            "xa": 0.028750000521540642,
            "xd": 1.0,
            "Lv": 3.0,
            "La": 300.0,
            "tW": 5.0,
            "dr": 0.1,
            "x0": 10.0
        },
        "SensorShort3m": {
            "omegaType": "theta",
            "k": 7.0,
            "omega": 6.2,
            "x": 12,
            "L0": 2,
            "alpha": -0.01,
            "r0": 62.5,
            "rw": 26.0,
            "lw": 4.0,
            "xv": 0.05999511852860451,
            "xa": 0.028750000521540642,
            "xd": 1.0,
            "Lv": 3.0,
            "La": 300.0,
            "tW": 3.0,
            "dr": 0.1,
            "x0": 0.0
        },
        "SensorNet": {
            "omegaType": "theta",
            "k": 3.5,
            "omega": 6.2,
            "x": 12,
            "L0": 2,
            "alpha": -0.01,
            "r0": 62.5,
            "rw": 26.0,
            "lw": 10.0,
            "xv": 0.05999511852860451,
            "xa": 0.028750000521540642,
            "xd": 1.0,
            "Lv": 3.0,
            "La": 300.0,
            "tW": 3.0,
            "dr": 0.1,
            "x0": 0.0
        },
        "Period1": {
            "omegaType": "theta",
            "k": 5.0,
            "omega": 6.2,
            "x": 12,
            "L0": 2,
            "alpha": -0.01,
            "r0": 62.5,
            "rw": 12.5,
            "lw": 7.0,
            "xv": 0.05999511852860451,
            "xa": 0.0012499999720603228,
            "xd": 1.0,
            "Lv": 3.0,
            "La": 300.0,
            "tW": 5.0,
            "dr": 0.1,
            "x0": 0.0
        },
        "Period2": {
            "omegaType": "nano",
            "k": 7,
            "omega": 6.2,
            "x": 0.7,
            "L0": 0.0,
            "alpha": -0.0,
            "r0": 62.5,
            "rw": 26.0,
            "lw": 14.0,
            "xv": 0.05000000074505806,
            "xa": 1.0,
            "xd": 1.0,
            "Lv": 3.0,
            "La": 300.0,
            "tW": 0.0,
            "dr": 0.1,
            "x0": 26.4
        }
    }
}