{
    "last": "NanoLim",
    "settings": {
        "Sensor": {
            "omegaType": "theta",
            "k": 10.0,
            "omega": 6.2,
            "x": 12,
            "L0": 2,
            "alpha": -0.01,
            "r0": 62.5,
            "rw": 25.0,
            "lw": 15.0,
            "xv": 0.05000000074505806,
            "xa": 0.0012499999720603228,
            "xd": 1.0,
            "Lv": 3.0,
            "La": 300.0,
            "tW": 5.0,
            "dr": 0.1,
            "x0": 0.0
        },
        "Nano": {
            "omegaType": "nano",
            "k": 0.01,
            "omega": 6.2,
            "x": 28.0,
            "L0": 2.0,
            "alpha": 0.01,
            "r0": 62.5,
            "rw": 0.25,
            "lw": 2.28,
            "xv": 2.4000000953674316,
            "xa": 0.008750000037252903,
            "xd": 2.0,
            "Lv": 3.0,
            "La": 30.0,
            "tW": 2.0,
            "dr": 0.01,
            "x0": 0
        },
        "Bio": {
            "omegaType": "const",
            "k": 7,
            "omega": 25.0,
            "x": 12,
            "L0": 2,
            "alpha": -0.01,
            "r0": 62.5,
            "rw": 1.5,
            "lw": 0.5,
            "xv": 1.4,
            "xa": 0.004,
            "xd": 0.05,
            "Lv": 3.0,
            "La": 300,
            "tW": 5.0,
            "dr": 0.1
        },
        "SensorTest": {
            "omegaType": "theta",
            "k": 5.0,
            "omega": 6.2,
            "x": 12,
            "L0": 2,
            "alpha": -0.01,
            "r0": 62.5,
            "rw": 25,
            "lw": 20.0,
            "xv": 0.03,
            "xa": 1.0,
            "xd": 1.0,
            "Lv": 3.0,
            "La": 300,
            "tW": 25.0,
            "dr": 0.1
        },
        "BioTest": {
            "omegaType": "const",
            "k": 7,
            "omega": 35.0,
            "x": 12,
            "L0": 2,
            "alpha": -0.01,
            "r0": 62.5,
            "rw": 0.5,
            "lw": 0.5,
            "xv": 1.4,
            "xa": 0.045,
            "xd": 0.05,
            "Lv": 3.0,
            "La": 300,
            "tW": 5.0,
            "dr": 0.1
        },
        "`SensorLong": {
            "omegaType": "theta",
            "k": 7,
            "omega": 6.2,
            "x": 12,
            "L0": 2,
            "alpha": -0.01,
            "r0": 62.5,
            "rw": 25,
            "lw": 25.0,
            "xv": 0.03,
            "xa": 1.0,
            "xd": 1.0,
            "Lv": 3.0,
            "La": 300,
            "tW": 40.0,
            "dr": 0.1,
            "x0": 12.0
        },
        "Sensor60": {
            "omegaType": "theta",
            "k": 7,
            "omega": 6.2,
            "x": 12,
            "L0": 2,
            "alpha": -0.01,
            "r0": 62.5,
            "rw": 30.0,
            "lw": 15,
            "xv": 0.03,
            "xa": 1.0,
            "xd": 1.0,
            "Lv": 3.0,
            "La": 300,
            "tW": 40.0,
            "dr": 0.1,
            "x0": 12.0
        },
        "SensorShort": {
            "omegaType": "theta",
            "k": 7.0,
            "omega": 6.2,
            "x": 12,
            "L0": 2,
            "alpha": -0.01,
            "r0": 62.5,
            "rw": 25.0,
            "lw": 14.0,
            "xv": 0.05999511852860451,
            "xa": 0.0012499999720603228,
            "xd": 1.0,
            "Lv": 3.0,
            "La": 300.0,
            "tW": 3.0,
            "dr": 0.1,
            "x0": 12.0
        },
        "Nano405": {
            "omegaType": "nano",
            "k": 0.01,
            "omega": 6.2,
            "x": 40.0,
            "L0": 4.0,
            "alpha": -0.01,
            "r0": 62.5,
            "rw": 0.25,
            "lw": 2.28,
            "xv": 1.4,
            "xa": 0.005,
            "xd": 1.5,
            "Lv": 3.0,
            "La": 30.0,
            "tW": 15.0,
            "dr": 0.01,
            "x0": 0
        },
        "4u": {
            "omegaType": "nano",
            "k": 0.01,
            "omega": 6.2,
            "x": 18.0,
            "L0": 2,
            "alpha": -0.01,
            "r0": 62.5,
            "rw": 0.25,
            "lw": 2.28,
            "xv": 1.4,
            "xa": 0.005,
            "xd": 1.5,
            "Lv": 3.0,
            "La": 30.0,
            "tW": 15.0,
            "dr": 0.01,
            "x0": 0
        },
        "EFD": {
            "omegaType": "nano",
            "k": 7,
            "omega": 6.2,
            "x": 2.0,
            "L0": 0.0,
            "alpha": -0.0,
            "r0": 62.5,
            "rw": 26.0,
            "lw": 14.0,
            "xv": 0.4000000059604645,
            "xa": 1.0,
            "xd": 1.0,
            "Lv": 3.0,
            "La": 300.0,
            "tW": 0.0,
            "dr": 0.1,
            "x0": 8.0
        },
        "NanoTest": {
            "omegaType": "nano",
            "k": 0.01,
            "omega": 6.2,
            "x": 39.0,
            "L0": 3.0,
            "alpha": -0.01,
            "r0": 62.5,
            "rw": 0.25,
            "lw": 2.28,
            "xv": 1.3999950885772705,
            "xa": 0.004999999888241291,
            "xd": 1.5,
            "Lv": 7.0,
            "La": 300.0,
            "tW": 10.0,
            "dr": 0.01,
            "x0": 0
        },
        "NanoOld": {
            "omegaType": "nano",
            "k": 0.01,
            "omega": 6.2,
            "x": 23.0,
            "L0": 2.0,
            "alpha": -0.01,
            "r0": 62.5,
            "rw": 0.25,
            "lw": 2.28,
            "xv": 2.4000000953674316,
            "xa": 0.008750000037252903,
            "xd": 1.5,
            "Lv": 3.0,
            "La": 100.0,
            "tW": 10.0,
            "dr": 0.01,
            "x0": 0
        },
        "NanoEFD": {
            "omegaType": "nano",
            "k": 0.01,
            "omega": 6.2,
            "x": 8.0,
            "L0": 2.0,
            "alpha": 0.01,
            "r0": 62.5,
            "rw": 0.25,
            "lw": 2.28,
            "xv": 2.4000000953674316,
            "xa": 0.008750000037252903,
            "xd": 2.0,
            "Lv": 3.0,
            "La": 30.0,
            "tW": 2.0,
            "dr": 0.01,
            "x0": 0
        },
        "NanoLim": {
            "omegaType": "nano",
            "k": 0.01,
            "omega": 6.2,
            "x": 28.0,
            "L0": 2.0,
            "alpha": 0.01,
            "r0": 62.5,
            "rw": 0.25,
            "lw": 2.28,
            "xv": 0.25,
            "xa": 0.008750000037252903,
            "xd": 2.0,
            "Lv": 3.0,
            "La": 30.0,
            "tW": 3.0,
            "dr": 0.01,
            "x0": 0
        },
        "NanoSlow": {
            "omegaType": "nano",
            "k": 0.01,
            "omega": 6.2,
            "x": 28.0,
            "L0": 2.0,
            "alpha": 0.01,
            "r0": 62.5,
            "rw": 0.25,
            "lw": 2.28,
            "xv": 2.0,
            "xa": 0.007499999832361937,
            "xd": 2.0,
            "Lv": 3.0,
            "La": 30.0,
            "tW": 2.0,
            "dr": 0.01,
            "x0": 0
        }
    }
}